<?xml version="1.0" encoding="UTF-8"?>
<!DOCTYPE mapper
PUBLIC "-//mybatis.org//DTD Mapper 3.0//EN"
"http://mybatis.org/dtd/mybatis-3-mapper.dtd">
<mapper namespace="boardMapper">
	<select id="getBoardList" resultType="com.human.java.BoardVO">
		SELECT * FROM article
		ORDER BY group_id DESC, article_id DESC
	</select>

	<select id="getBoard" parameterType="com.human.java.BoardVO" resultType="com.human.java.BoardVO">
		SELECT * FROM article
		WHERE article_id = ${articleId}
	
	</select>



	<insert id="boardSave" parameterType="com.human.java.BoardVO">
		INSERT INTO article
		(article_id, group_id, sequence_no, posting_date, read_count, writer_name, password, title, content)
		VALUES (seq_article_id_article.nextval, #{groupId}, #{sequenceNo}, sysdate, 0, #{writerName}, #{password}, #{title}, #{content})
	</insert>
 
	<select id="getGroupId" resultType="int">
		SELECT seq_group_id_article.nextval as groupId 
		FROM dual
	</select>
	
	<select id="selectLastSeqNum" parameterType="hashmap" resultType="String">
		<![CDATA[
		SELECT MIN(sequence_no) FROM article 
		WHERE sequence_no < #{maxSeqNum}
  		AND sequence_no > #{minSeqNum}
  		]]>
	</select>
	
	
</mapper>